flac/DR5_FCAL1_SI1403.flac	In what ways, then, did the patient's psychical blindness manifest itself?
flac/DR5_FJSA0_SX29.flac	Help Greg to pick a peck of potatoes.
flac/DR4_FJLM0_SI1673.flac	One thing, he thought, nobody knows about it yet.
flac/DR7_MERS0_SI1019.flac	Them new to the country were referred to as pilgrims.
flac/DR4_FCFT0_SX368.flac	Lori's costume needed black gloves to be completely elegant.
flac/DR3_MMWH0_SI1089.flac	Perhaps things were even worse then.
flac/DR4_FCFT0_SX278.flac	To further his prestige, he occasionally reads the Wall Street Journal.
flac/DR4_FJMG0_SX371.flac	Right now may not be the best time for business mergers.
flac/DR4_FCRH0_SI1718.flac	Do you know what they think of me?
flac/DR4_FLKD0_SX109.flac	She slipped and sprained her ankle on the steep slope.
flac/DR5_FJCS0_SI1309.flac	The better quality products in both of these lines contain phosphate builders.
flac/DR5_FJCS0_SX319.flac	A big goat idly ambled through the farmyard.
flac/DR3_MTHC0_SI1015.flac	Hay and pasture are the other chief sources of livestock feed.
flac/DR5_FNLP0_SI1308.flac	Indeed it is possible to separate electron paramagnetic from nuclear effects.
flac/DR2_FJAS0_SI1400.flac	Now that this is at odds with our meaning may be shown as follows.
flac/DR2_MPDF0_SX102.flac	Special task forces rescue hostages from kidnappers.
flac/DR5_MCMB0_SI1268.flac	The shutter consists of two parts: a fast-opening part and a fast-closing part.
flac/DR3_FKMS0_SX230.flac	Allow leeway here, but rationalize all errors.
flac/DR5_FASW0_SI1550.flac	Maybe today'll be a good-news day.
flac/DR4_FMCM0_SX280.flac	The oasis was a mirage.
flac/DR3_MTHC0_SX115.flac	The emblem depicts the Acropolis all aglow.
flac/DR3_MTDT0_SX364.flac	Each untimely income loss coincided with the breakdown of a heating system part.
flac/DR2_FJWB0_SX95.flac	Iguanas and alligators are tropical reptiles.
flac/DR4_FADG0_SI649.flac	It suffers from a lack of unity of purpose and respect for heroic leadership.
flac/DR5_MCRC0_SI1092.flac	Yet we no longer feel uneasy.
flac/DR2_FJRE0_SX126.flac	Artificial intelligence is for real.
flac/DR2_MWEW0_SX191.flac	Withdraw all phony accusations at once.
flac/DR6_MJDH0_SX94.flac	Youngsters love common candy as treats.
flac/DR4_FMAF0_SI829.flac	What it does: stimulates rumen activity.
flac/DR2_FJRE0_SI1116.flac	Each is still glorified as a national hero.
flac/DR2_MPDF0_SI1542.flac	The feet wore army shoes, in obvious disrepair.
flac/DR5_FASW0_SX290.flac	This brochure is particularly informative for a prospective buyer.
flac/DR2_MBJK0_SX185.flac	Did you buy any corduroy overalls?
flac/DR3_MKCH0_SI2008.flac	He swung up over the wheel.
flac/DR5_FUTB0_SI1330.flac	The lower portion provides a rating at any stage between infancy and adulthood.
flac/DR3_MJJG0_SX283.flac	Planned parenthood organizations promote birth control.
flac/DR2_MTMR0_SX223.flac	Put the butcher block table in the garage.
flac/DR5_FJSA0_SX389.flac	They own a big house in the remote countryside.
flac/DR2_MGWT0_SI2169.flac	Upstairs, busy feet, showering like raindrops, pattered around her room.
flac/DR7_FTLH0_SX19.flac	Aluminum silverware can often be flimsy.
flac/DR5_MSFH1_SI640.flac	But what has been happening recently might be described as creeping mannerism.
flac/DR2_MDBB0_SX115.flac	The emblem depicts the Acropolis all aglow.
flac/DR2_FCMR0_SX205.flac	Military personnel are expected to obey government orders.
flac/DR8_FCMH1_SX323.flac	The fog prevented them from arriving on time.
flac/DR2_MDLD0_SI913.flac	Do you love to run up a hem, sew on buttons, make neat buttonholes?
flac/DR4_FADG0_SX19.flac	Aluminum silverware can often be flimsy.
flac/DR4_FCFT0_SX98.flac	Guess the question from the answer.
flac/DR3_FCMH0_SI1454.flac	Originally, the main types used were various compositions of polyesters.
flac/DR3_MCTW0_SI743.flac	Do buy all-purpose mugs or cups.
flac/DR3_MMDH0_SI2118.flac	There is not space to hold or force to guard any increased number of prisoners.
flac/DR2_MRCZ0_SX281.flac	Cory and Trish played tag with beach balls for hours.
flac/DR6_FLNH0_SI584.flac	This is taxation without representation.
flac/DR5_FHES0_SX389.flac	They own a big house in the remote countryside.
flac/DR8_MDAW1_SI823.flac	The drug is also incorporated in supplements.
flac/DR2_MJAR0_SX188.flac	Who authorized the unlimited expense account?
flac/DR8_FMLD0_SI925.flac	While he was in custody his wife divorced him.
flac/DR7_FCAU0_SI1037.flac	The revised procedure was acclaimed as a long-overdue reform.
flac/DR7_FLAS0_SI1026.flac	Careful, don't disturb her.
flac/DR5_MFGK0_SX214.flac	The morning dew on the spider web glistened in the sun.
flac/DR7_FLAS0_SI1488.flac	Poverty imposes a kind of chastity on the ambitious.
flac/DR4_MBNS0_SI590.flac	Bridges, tunnels and ferries are the most common methods of river crossings.
flac/DR4_FSEM0_SI1828.flac	Actually, they said, he did sleep, but so shortly and fitfully that he forgot.
flac/DR7_MKDR0_SX373.flac	A boring novel is a superb sleeping pill.
flac/DR6_MPAM1_SI576.flac	But even mother's loving attitude will not always prevent misbehavior.
flac/DR5_FJCS0_SX49.flac	At twilight on the twelfth day we'll have Chablis.
flac/DR4_MLJB0_SI1940.flac	He was only vaguely aware of the sluicing rain.
flac/DR6_MPAM1_SX126.flac	Artificial intelligence is for real.
flac/DR6_MRJS0_SI1444.flac	Substances: all crystalline substances and other solid-state materials.
flac/DR7_MCHH0_SX284.flac	Jeff thought you argued in favor of a centrifuge purchase.
flac/DR1_MRJO0_SI1624.flac	We came on as soon as we could.
flac/DR4_MKCL0_SX101.flac	Kindergarten children decorate their classrooms for all holidays.
flac/DR7_MRCS0_SI1223.flac	The redcoats ran like rabbits.
flac/DR7_MGRT0_SI2080.flac	He would not carry a brief case.
flac/DR5_MLIH0_SI1813.flac	You too were a stupid jackass until you poisoned me.
flac/DR7_MNJM0_SI950.flac	As such, it was beyond politics and had no need of justification by a message.
flac/DR4_FDMS0_SI1502.flac	It was not exactly panic they gave way to, but they could not just sit there.
flac/DR7_FLAS0_SX318.flac	Please dig my potatoes up before frost.
flac/DR1_FAKS0_SI943.flac	Production may fall far below expectations.
flac/DR8_MAJC0_SI2095.flac	My dad did it, and he lived to a great age.
flac/DR4_FSEM0_SX28.flac	Beg that guard for one gallon of gas.
flac/DR8_MJTC0_SX380.flac	Why charge money for such garbage?
flac/DR5_MRPP0_SI554.flac	Or certain words or rituals that child and adult go through may do the trick.
flac/DR2_MCCS0_SX29.flac	Help Greg to pick a peck of potatoes.
flac/DR2_MTMR0_SX313.flac	Drop five forms in the box before you go out.
flac/DR8_MAJC0_SI835.flac	Salesmanship is still necessary, but it's a different brand of salesmanship.
flac/DR4_MTLS0_SX380.flac	Why charge money for such garbage?
flac/DR5_MCMB0_SX188.flac	Who authorized the unlimited expense account?
flac/DR7_MDVC0_SX396.flac	The fish began to leap frantically on the surface of the small lake.
flac/DR5_MLIH0_SX13.flac	Swing your arm as high as you can.
flac/DR5_FAWF0_SI2260.flac	Heavy industry, slanted toward inexhaustible government coffers, attracted him.
flac/DR7_FISB0_SX49.flac	At twilight on the twelfth day we'll have Chablis.
flac/DR3_MCSH0_SX289.flac	Weatherproof galoshes are very useful in Seattle.
flac/DR5_FJCS0_SI1939.flac	Put on his old brown corduroy coat and it was already soaked.
flac/DR1_FAKS0_SX313.flac	Drop five forms in the box before you go out.
flac/DR2_MPDF0_SX192.flac	Straw hats are out of fashion this year.
flac/DR5_MSFH1_SX190.flac	Serve the coleslaw after I add the oil.
flac/DR4_FLBW0_SX319.flac	A big goat idly ambled through the farmyard.
flac/DR5_FGMD0_SX413.flac	Daphne's Swedish needlepoint scarf matched her skirt.
flac/DR5_MSFH1_SX280.flac	The oasis was a mirage.
flac/DR1_MWBT0_SI1553.flac	However, the litter remained, augmented by several dozen lunchroom suppers.
flac/DR3_MGJF0_SX101.flac	Kindergarten children decorate their classrooms for all holidays.
flac/DR7_MRMS1_SX317.flac	The cranberry bog gets very pretty in Autumn.
flac/DR4_FJLM0_SI1043.flac	Not surprisingly, this approach did not work.
flac/DR2_FJRE0_SX216.flac	The small boy put the worm on the hook.
flac/DR5_MKLT0_SX133.flac	Pizzerias are convenient for a quick lunch.
flac/DR4_FREW0_SX110.flac	The best way to learn is to solve extra problems.
flac/DR4_FJLM0_SX413.flac	Daphne's Swedish needlepoint scarf matched her skirt.
flac/DR4_MPCS0_SX9.flac	Where were you while we were away?
flac/DR7_MGRT0_SX370.flac	That noise problem grows more annoying each day.
flac/DR3_MTAA0_SX115.flac	The emblem depicts the Acropolis all aglow.
flac/DR2_MPGL0_SX379.flac	Pam gives driving lessons on Thursdays.
flac/DR5_MCTT0_SX28.flac	Beg that guard for one gallon of gas.
flac/DR7_FISB0_SX319.flac	A big goat idly ambled through the farmyard.
flac/DR5_MBPM0_SI1584.flac	Rector was often curious; often tempted to ask questions but he never did.
flac/DR5_FHES0_SI1739.flac	Oh, the time of death.
flac/DR5_MDWA0_SX185.flac	Did you buy any corduroy overalls?
flac/DR1_MRJO0_SI734.flac	If necessary to replace both halves on grill, sear cuts and allot extra time.
flac/DR2_FJAS0_SX410.flac	Greg buys fresh milk each weekday morning.
flac/DR3_MMJR0_SI2166.flac	Look, sweetheart, some fool was.
flac/DR4_FADG0_SX379.flac	Pam gives driving lessons on Thursdays.
flac/DR2_FRAM1_SX190.flac	Serve the coleslaw after I add the oil.
flac/DR7_MNJM0_SI2210.flac	No return address whatsoever.
flac/DR6_FLNH0_SX134.flac	December and January are nice months to spend in Miami.
flac/DR8_MJLN0_SI2079.flac	They had slapped their thighs.
flac/DR1_MDAB0_SI2299.flac	Sometimes, he coincided with my father's being at home.
flac/DR7_MKDR0_SX283.flac	Planned parenthood organizations promote birth control.
flac/DR6_MPAM1_SX36.flac	Only the most accomplished artists obtain popularity.
flac/DR7_MKDR0_SI643.flac	The armchair traveler preserves his illusions.
flac/DR5_MBPM0_SI947.flac	Few rural areas are protected by zoning.
flac/DR5_MDAC2_SX369.flac	Bob papered over the living room murals.
flac/DR7_MTWH0_SI1629.flac	Have you got our keys handy?
flac/DR8_FMLD0_SX295.flac	If Carol comes tomorrow, have her arrange for a meeting at two.
flac/DR2_MMDM2_SX12.flac	Will Robin wear a yellow lily?
flac/DR7_MCHH0_SX194.flac	They enjoy it when I audition.
flac/DR3_FCMH0_SI2084.flac	What about a tea room, then?
flac/DR7_MPAB0_SX228.flac	The viewpoint overlooked the ocean.
flac/DR5_FAWF0_SX100.flac	Project development was proceeding too slowly.
flac/DR6_MDSC0_SX138.flac	The clumsy customer spilled some expensive perfume.
flac/DR3_MLNT0_SI1574.flac	Flies swarmed around the bowl of lentils in which he mopped thick black bread.
flac/DR6_MRJR0_SI1812.flac	Eternity is no time for recriminations.
flac/DR4_MTLS0_SI1370.flac	We may say that his problem was diagnosed but that he refused treatment.
flac/DR5_MCRC0_SX102.flac	Special task forces rescue hostages from kidnappers.
flac/DR2_MMDB1_SI2255.flac	He swung around, eyes toward the bedroom, some fifteen feet away.
flac/DR2_FJAS0_SX50.flac	Catastrophic economic cutbacks neglect the poor.
flac/DR2_MTAS1_SX28.flac	Beg that guard for one gallon of gas.
flac/DR5_MAHH0_SI1294.flac	If you are a life tenant, you deduct allowable depreciation and depletion.
flac/DR5_MKLT0_SX313.flac	Drop five forms in the box before you go out.
flac/DR4_FMAF0_SX199.flac	Young children should avoid exposure to contagious diseases.
flac/DR2_MWVW0_SI1476.flac	Or: does he get exercise?
flac/DR7_FLAS0_SX48.flac	Grandmother outgrew her upbringing in petticoats.
flac/DR2_MRCZ0_SI911.flac	This is followed by a boom in conferences.
flac/DR5_MFGK0_SI1744.flac	Old people have their idiosyncrasies.
flac/DR2_FDRD1_SX194.flac	They enjoy it when I audition.
flac/DR7_MRMS1_SI2117.flac	He saw the dangers, not the glories of being identified as a mutineer.
flac/DR4_MTLS0_SX110.flac	The best way to learn is to solve extra problems.
flac/DR1_MWBT0_SX23.flac	Those musicians harmonize marvelously.
flac/DR2_MMDB1_SX185.flac	Did you buy any corduroy overalls?
flac/DR8_MJTC0_SX110.flac	The best way to learn is to solve extra problems.
flac/DR4_MTLS0_SI740.flac	Do without fancy tablecloths.
flac/DR1_MWBT0_SX383.flac	The carpet cleaners shampooed our oriental rug.
flac/DR8_MJTH0_SX126.flac	Artificial intelligence is for real.
flac/DR7_MDLF0_SX53.flac	Even a simple vocabulary contains symbols.
flac/DR7_FSXA0_SX28.flac	Beg that guard for one gallon of gas.
flac/DR5_MDRB0_SX274.flac	Cliff was soothed by the luxurious massage.
flac/DR5_MRJM3_SX278.flac	To further his prestige, he occasionally reads the Wall Street Journal.
flac/DR3_MBWM0_SI1304.flac	It was exposed to a high velocity gas jet.
flac/DR2_FJAS0_SX140.flac	Agricultural products are unevenly distributed.
flac/DR1_MSJS1_SX369.flac	Bob papered over the living room murals.
flac/DR4_FNMR0_SI769.flac	Set aside to dry with lid on sugar bowl.
flac/DR6_MJDH0_SI1354.flac	Within the larger social system are the structural and functional subsystems.
flac/DR3_MJJG0_SX193.flac	Why buy oil when you always use mine?
flac/DR3_MMDH0_SX126.flac	Artificial intelligence is for real.
flac/DR5_FASW0_SI920.flac	Too many new things are happening for it to be a complete erotic fulfillment.
flac/DR8_MAJC0_SX295.flac	If Carol comes tomorrow, have her arrange for a meeting at two.
flac/DR3_MTDT0_SX184.flac	The cat's meow always hurts my ears.
flac/DR5_FNLP0_SX318.flac	Please dig my potatoes up before frost.
flac/DR1_FDAC1_SX304.flac	Cheap stockings run the first time they're worn.
flac/DR1_MWBT0_SI2183.flac	Books are for schnooks.
flac/DR3_MJMP0_SI1535.flac	He trembled lest his piece should fail.
flac/DR5_MDWA0_SI1146.flac	We knew that it was, as reassurance, the ironic fruit of a deeply moral nature.
flac/DR7_MNJM0_SX320.flac	The nearest synagogue may not be within walking distance.
flac/DR8_MJLN0_SX369.flac	Bob papered over the living room murals.
flac/DR3_FCMH0_SX14.flac	Before Thursday's exam, review every formula.
flac/DR5_MCTT0_SX298.flac	I'd rather not buy these shoes than be overcharged.
flac/DR2_FJWB0_SI1265.flac	Ballets were used in opera from its beginning.
flac/DR4_MPCS0_SI1359.flac	In short, scientific sampling was introduced in place of subjective sampling.
flac/DR5_MLIH0_SX103.flac	Call an ambulance for medical assistance.
flac/DR6_MJDH0_SX274.flac	Cliff was soothed by the luxurious massage.
flac/DR5_MDRB0_SI2109.flac	She looked crestfallen, as if he had somehow disappointed the whole human race.
flac/DR8_MDAW1_SX13.flac	Swing your arm as high as you can.
flac/DR8_FMLD0_SX385.flac	His shoulder felt as if it were broken.
flac/DR3_MJMP0_SX185.flac	Did you buy any corduroy overalls?
flac/DR4_FDMS0_SX318.flac	Please dig my potatoes up before frost.
flac/DR3_MBDG0_SX113.flac	A muscular abdomen is good for your back.
flac/DR3_MJMP0_SX365.flac	The gunman kept his victim cornered at gunpoint for three hours.
flac/DR4_FMCM0_SI1810.flac	That'll be plenty to eat by.
flac/DR2_MCCS0_SX299.flac	Shaving cream is a popular item on Halloween.
flac/DR4_FLBW0_SX409.flac	Eating spinach nightly increases strength miraculously.
flac/DR3_MGJF0_SI1901.flac	A warm breeze played across it, moving it like waves.
flac/DR5_MCRC0_SI462.flac	It also provides for funds to clear slums and help colleges build dormitories.
flac/DR5_FHEW0_SI763.flac	Jars are assembled in bowl of butter mold.
flac/DR5_MKLT0_SI1213.flac	My own experience has followed simpler lines.
flac/DR1_MWBT0_SI923.flac	To many experts, this trend was inevitable.
flac/DR7_MKDR0_SX103.flac	Call an ambulance for medical assistance.
flac/DR3_MMDH0_SX36.flac	Only the most accomplished artists obtain popularity.
flac/DR4_FNMR0_SX319.flac	A big goat idly ambled through the farmyard.
flac/DR7_MDLF0_SX233.flac	Highway and freeway mean the same thing.
flac/DR2_MTMR0_SX133.flac	Pizzerias are convenient for a quick lunch.
flac/DR3_MMAB0_SX282.flac	The tooth fairy forgot to come when Roger's tooth fell out.
flac/DR4_MTEB0_SI1133.flac	It can project long-range goals for itself.
flac/DR8_MDAW1_SX283.flac	Planned parenthood organizations promote birth control.
flac/DR3_MGLB0_SX364.flac	Each untimely income loss coincided with the breakdown of a heating system part.
flac/DR3_MLNT0_SX12.flac	Will Robin wear a yellow lily?
flac/DR3_MKCH0_SX208.flac	Rob sat by the pond and sketched the stray geese.
flac/DR5_MRWS1_SX140.flac	Agricultural products are unevenly distributed.
flac/DR7_FMML0_SX140.flac	Agricultural products are unevenly distributed.
flac/DR4_MDLS0_SX98.flac	Guess the question from the answer.
flac/DR8_FMLD0_SX205.flac	Military personnel are expected to obey government orders.
flac/DR4_MLLL0_SX373.flac	A boring novel is a superb sleeping pill.
flac/DR2_MPGL0_SX199.flac	Young children should avoid exposure to contagious diseases.
flac/DR5_MBPM0_SX407.flac	Laugh, dance, and sing if fortune smiles upon you.
flac/DR4_MJDM1_SX365.flac	The gunman kept his victim cornered at gunpoint for three hours.
flac/DR4_MRKO0_SX317.flac	The cranberry bog gets very pretty in Autumn.
flac/DR1_FAKS0_SX43.flac	Elderly people are often excluded.
flac/DR3_MWJG0_SX44.flac	Basketball can be an entertaining sport.
flac/DR2_MWVW0_SX396.flac	The fish began to leap frantically on the surface of the small lake.
flac/DR5_MAHH0_SX304.flac	Cheap stockings run the first time they're worn.
flac/DR7_MCHH0_SI530.flac	His election, on the other hand, would unquestionably strengthen the regulars.
flac/DR2_FJAS0_SX320.flac	The nearest synagogue may not be within walking distance.
flac/DR7_MDVC0_SX126.flac	Artificial intelligence is for real.
flac/DR1_FJEM0_SX4.flac	Jane may earn more money by working hard.
flac/DR6_MRJR0_SX372.flac	That diagram makes sense only after much study.
flac/DR6_MESD0_SI1632.flac	Fuss, fuss, old man.
flac/DR8_MJLN0_SI1449.flac	Chief interest in radiosterilization resides in the military services.
flac/DR8_FJSJ0_SX404.flac	Barb burned paper and leaves in a big bonfire.
flac/DR2_MJAR0_SI1988.flac	How's it strike you, foul or fair?
flac/DR4_MDLS0_SX368.flac	Lori's costume needed black gloves to be completely elegant.
flac/DR6_FDRW0_SI1283.flac	Living in a shelter the radioactivity of fallout decays rapidly at first.
flac/DR5_FJSA0_SX209.flac	Michael colored the bedroom wall with crayons.
flac/DR2_MPDF0_SI2172.flac	Strength began to zip up and down his chest.
flac/DR4_MPLB0_SX224.flac	How good is your endurance?
flac/DR5_FJSA0_SI1379.flac	You would drive us into shame, he declared.
flac/DR3_MKCH0_SX118.flac	Combine all the ingredients in a large bowl.
flac/DR5_MDRB0_SX364.flac	Each untimely income loss coincided with the breakdown of a heating system part.
flac/DR4_MDRM0_SI1013.flac	Cereal grains have been used for centuries to prepare fermented beverages.
flac/DR4_FJMG0_SX101.flac	Kindergarten children decorate their classrooms for all holidays.
flac/DR3_MMAB0_SI1992.flac	Or, more rhythmically, the swarthy witches are laughing?
flac/DR8_FMLD0_SX115.flac	The emblem depicts the Acropolis all aglow.
flac/DR3_MCTW0_SX293.flac	Please take this dirty table cloth to the cleaners for me.
flac/DR4_FCFT0_SI1178.flac	Many selections are themselves convincing contributions to this appraisal.
flac/DR7_MNJM0_SX140.flac	Agricultural products are unevenly distributed.
flac/DR3_FKMS0_SI2120.flac	"He paused, then added: ""Everything on a ship is a weapon."""
flac/DR3_MHPG0_SI1720.flac	They took it away, overalls or something.
flac/DR7_MRCS0_SX323.flac	The fog prevented them from arriving on time.
flac/DR4_MKCL0_SI1721.flac	Come home right away.
flac/DR5_MCTT0_SX388.flac	Her right hand aches whenever the barometric pressure changes.
