flac/DR7_MNJM0_SX320.flac	So then there is synagogue may not be within walking distance
flac/DR3_MLNT0_SX12.flac	Well Robin where a yellow
flac/DR5_MSFH1_SX280.flac	Your ACEs was MRI
flac/DR5_FASW0_SI920.flac	Too many new things are happening for it to be a complete erotic fulfill
flac/DR1_FAKS0_SX43.flac	Elderly people are often excluded
flac/DR3_MGLB0_SX364.flac	Each untimely income loss coincided with a breakdown of a heating system
flac/DR3_FCMH0_SI1454.flac	Originally the main types used were various compositions of polyester
flac/DR5_FHEW0_SI763.flac	Jars are assembled in bowl of butter buttermilk
flac/DR7_MNJM0_SI2210.flac	No return address whatsoever
flac/DR3_MCTW0_SI743.flac	Dubai all purpose mugs or cups
flac/DR8_FMLD0_SX295.flac	If Carol comes tomorrow have her arranged for a meeting
flac/DR5_MAHH0_SI1294.flac	If you are alive tenant you deduct allowable depreciation and the police
flac/DR7_MCHH0_SI530.flac	His election on the other hand would unquestionably strengthened the regular
flac/DR4_MTLS0_SX380.flac	Why charge money for such garbage
flac/DR4_FLBW0_SX409.flac	Eating spinach nightly increases strength miraculously
flac/DR4_FREW0_SX110.flac	The best way to learn is to solve extra problems
flac/DR5_MKLT0_SI1213.flac	My own experience has followed simpler life
flac/DR6_MRJR0_SX372.flac	That diagram makes sense only after much
flac/DR5_MRJM3_SX278.flac	To further his prestige he occasionally reads the wall street
flac/DR4_MKCL0_SX101.flac	Kindergarten children decorate their classrooms for all holidays
flac/DR6_FDRW0_SI1283.flac	Living in a shelter the radioactivity of fallout the case rapidly at first
flac/DR7_MRMS1_SX317.flac	The cranberry bog gets very pretty in
flac/DR7_MDLF0_SX53.flac	Even as simple vocabulary contains some
flac/DR8_FCMH1_SX323.flac	The fog prevented them from arriving on time
flac/DR2_FCMR0_SX205.flac	Military personnel are expected to obey government order
flac/DR3_MMDH0_SX126.flac	Artificial intelligence is for real
flac/DR7_MDVC0_SX126.flac	Artificial intelligence is for
flac/DR3_FKMS0_SX230.flac	Allow leeway here but rationalize all areas
flac/DR2_MGWT0_SI2169.flac	Upstairs busy feet showering like raindrops pattered around her
flac/DR5_MCMB0_SI1268.flac	The shutter consists of two parts a fast opening part and a fast closing
flac/DR4_MDLS0_SX368.flac	Laurie's costume needed black gloves to be completely
flac/DR5_MDRB0_SX274.flac	Cliff was sued by the luxurious massage
flac/DR2_MTMR0_SX133.flac	Pizzerias are convenient for a quick lunch
flac/DR8_MJTC0_SX380.flac	Why charge money for such garbage
flac/DR7_MNJM0_SI950.flac	As such it was beyond politics and had no need or justification by EMS
flac/DR6_MJDH0_SI1354.flac	Within the larger social system are the structural and functional subsystems
flac/DR3_MTHC0_SI1015.flac	Hay and pasture are the other chief sources of livestock
flac/DR5_FCAL1_SI1403.flac	And what ways then of the patient's psychical blindness manifest itself
flac/DR4_FLBW0_SX319.flac	Uh big goat idly ambled through the farm yeah
flac/DR1_FAKS0_SI943.flac	Production may fall far below expectations
flac/DR4_FCFT0_SI1178.flac	Many selections are themselves convincing contributions to this
flac/DR8_FMLD0_SX115.flac	The emblem detects the Acropolis all about
flac/DR2_MMDB1_SI2255.flac	He swung around eyes toward the bedroom some 15 feet away
flac/DR6_MRJS0_SI1444.flac	Substances all crystal and substances and other solid state material
flac/DR5_FASW0_SI1550.flac	Maybe today you'll be a good news day
flac/DR2_FRAM1_SX190.flac	Serve the Cole slaw after I add the oil
flac/DR7_MRCS0_SI1223.flac	The red coats ran like rev
flac/DR7_MRMS1_SI2117.flac	He saw the dangers not the glories of being identified as
flac/DR8_MJLN0_SI2079.flac	They had slapped their thighs
flac/DR3_MTHC0_SX115.flac	The Amblin depicts the Acropolis all of
flac/DR4_FCFT0_SX278.flac	To further his prestige he occasionally reads the wall street
flac/DR4_MTLS0_SI740.flac	Dude without fancy tablecloth
flac/DR7_MPAB0_SX228.flac	The viewpoint overlooked
flac/DR5_MBPM0_SI947.flac	A few rural areas are protected by zoning
flac/DR7_MKDR0_SX373.flac	A boring novel is a suburb sleeping
flac/DR4_FJLM0_SI1043.flac	Not surprisingly this approach did not work
flac/DR5_MCMB0_SX188.flac	Who authorized the unlimited expense account
flac/DR4_FSEM0_SI1828.flac	Actually they said he did sleep but so shortly and fitfully then he forgot
flac/DR2_FJAS0_SX320.flac	The nearest synagogue may not be within walking distance
flac/DR2_MPDF0_SI1542.flac	The feet wore army shoes in obvious district
flac/DR3_MKCH0_SX208.flac	Rob set by the pond and sketch the straight keys
flac/DR2_MJAR0_SI1988.flac	How's this strike you or fall or fair
flac/DR7_FLAS0_SX318.flac	Please dig my potatoes up before for us
flac/DR3_MMAB0_SI1992.flac	Or more rhythmically the swarthy which is
flac/DR2_MTMR0_SX223.flac	But the butcher block table in the garage
flac/DR5_FNLP0_SX318.flac	Please dig my potatoes up before frost
flac/DR2_MMDB1_SX185.flac	Did you buy any corduroy overall
flac/DR1_FAKS0_SX313.flac	Drop five forms in the box before you go out
flac/DR4_MTLS0_SX110.flac	The best way to learn is to solve extra problems
flac/DR7_MCHH0_SX284.flac	Jeff thought you argued in favor of a centrifuge program
flac/DR4_MRKO0_SX317.flac	The cranberry ball gets very pretty and all that
flac/DR4_FDMS0_SX318.flac	Please dig my potatoes up before Friday
flac/DR3_MMAB0_SX282.flac	The tooth fairy forgot to come when Rogers tooth
flac/DR8_MAJC0_SI2095.flac	My dad did it and he lived to a great day
flac/DR5_MKLT0_SX313.flac	Drop five forms in the box before you go out
flac/DR5_FAWF0_SX100.flac	Project development was proceeding to slow
flac/DR3_MKCH0_SX118.flac	Combine all the ingredients and a large
flac/DR3_MLNT0_SI1574.flac	Fly swarmed around the bowl of lentils in which he mopped thick black bread
flac/DR7_MGRT0_SI2080.flac	He would not carry a briefcase
flac/DR7_MKDR0_SX103.flac	Call an ambulance for medical assistance
flac/DR5_MCRC0_SX102.flac	Special taskforces rescue hostages from kidney
flac/DR2_MPDF0_SI2172.flac	Strength began to zip up and down his chest
flac/DR5_MKLT0_SX133.flac	Pizzerias or convenient for a quick lunch
flac/DR5_FJSA0_SX29.flac	Hello Greg to pick a Peck of potatoes
flac/DR8_MJTC0_SX110.flac	The best way to learn is to solve extra problems
flac/DR4_MLLL0_SX373.flac	Uh boring novel as a suburb sleeping
flac/DR2_MWVW0_SX396.flac	The fish began to leap frantically on the surface of the smallest
flac/DR4_FJLM0_SX413.flac	Daphne Swedish needle point scarf matched her
flac/DR5_MSFH1_SX190.flac	Serve to coast law after I add the
flac/DR8_FJSJ0_SX404.flac	Barbara and paper and leaves in a big pond
flac/DR6_MRJR0_SI1812.flac	Eternity is no time for recrimination
flac/DR4_FADG0_SX379.flac	Pam gives driving lessons on Thursday
flac/DR3_FCMH0_SX14.flac	Before Thursday's exam review every form of
flac/DR3_MMJR0_SI2166.flac	Look sweetheart some for
flac/DR8_MDAW1_SI823.flac	The drug is also incorporated in supplement
flac/DR2_MCCS0_SX29.flac	Help Greg to pick a Peck of potatoes
flac/DR4_MLJB0_SI1940.flac	He was only vaguely aware of the solution
flac/DR5_MBPM0_SX407.flac	Left dance and sing at fortune smiles
flac/DR2_MTAS1_SX28.flac	Big that guard for one gallon of gas
flac/DR3_FKMS0_SI2120.flac	He paused then added everything on a ship
